RSG 1.16+ Any% Glitchless,,,,,RSG 1.13 - 1.15 Any% Glitchless,,,,RSG Pre 1.9 Any% Glitchless,,,,SSG 1.16+,,,RS 1.16->,RSG 1.16+ Any% Glitchless,,,,,SSG 1.16+,,,RS->,RSG 1.13 - 1.15 Any% Glitchless,,,,RSG Pre 1.9 Any% Glitchless,,,,RSG 1.16+ Any% Glitchless,,,,SSG 1.16+,,,,RSG 1.13 - 1.15 Any% Glitchless,,,,RSG Pre 1.9 Any% Glitchless,,,,RSG 1.16+ Any% Glitchless,,,,SSG 1.16+,,,,RSG 1.13 - 1.15 Any% Glitchless,,,,RSG Pre 1.9 Any% Glitchless,,,,RSG 1.16+ Any% Glitchless,,,,SSG 1.16+,,,,RSG 1.13 - 1.15 Any% Glitchless,,,,RSG Pre 1.9 Any% Glitchless,,,,RSG 1.16+ Any% Glitchless,,,,SSG 1.16+,,,,RSG 1.13 - 1.15 Any% Glitchless,,,,RSG Pre 1.9 Any% Glitchless,,,,RSG 1.16+ Any% Glitchless,,,,SSG 1.16+,,,,RSG 1.13 - 1.15 Any% Glitchless,,,,RSG Pre 1.9 Any% Glitchless,,,,RSG 1.16+ Any% Glitchless,,,,SSG 1.16+,,,,RSG 1.13 - 1.15 Any% Glitchless,,,,RSG Pre 1.9 Any% Glitchless,,,,RSG 1.16+ Any% Glitchless,,,,SSG 1.16+,,,,RSG 1.13 - 1.15 Any% Glitchless,,,,RSG Pre 1.9 Any% Glitchless,,,,RSG 1.16+ Any% Glitchless,,,,SSG 1.16+,,,,RSG 1.13 - 1.15 Any% Glitchless,,,,RSG Pre 1.9 Any% Glitchless,,,,RSG 1.16+ Any% Glitchless,,,,SSG 1.16+,,,,RSG 1.13 - 1.15 Any% Glitchless,,,,RSG Pre 1.9 Any% Glitchless,,,,RSG 1.16+ Any% Glitchless,,,,SSG 1.16+,,,,RSG 1.13 - 1.15 Any% Glitchless,,,,RSG Pre 1.9 Any% Glitchless,,,,RSG 1.16+ Any% Glitchless,,,,SSG 1.16+,,,,RSG 1.13 - 1.15 Any% Glitchless,,,,RSG Pre 1.9 Any% Glitchless,,,,RSG 1.16+ Any% Glitchless,,,,SSG 1.16+,,,,RSG 1.13 - 1.15 Any% Glitchless,,,,RSG Pre 1.9 Any% Glitchless,,,,RSG 1.16+ Any% Glitchless,,,,SSG 1.16+,,,,RSG 1.13 - 1.15 Any% Glitchless,,,,RSG Pre 1.9 Any% Glitchless,,,,RSG 1.16+ Any% Glitchless,,,,SSG 1.16+,,,,RSG 1.13 - 1.15 Any% Glitchless,,,,RSG Pre 1.9 Any% Glitchless,,
#º,RUNNER,TEMPO,Video,,#º,RUNNER,TEMPO,,#º,RUNNER,TEMPO,,#º,RUNNER,TEMPO,,#º,RUNNER,TEMPO,Video,,#º,RUNNER,TEMPO,,#º,RUNNER,TEMPO,,#º,RUNNER,TEMPO,,#º,RUNNER,TEMPO,,#º,RUNNER,TEMPO,,#º,RUNNER,TEMPO,,#º,RUNNER,TEMPO,,#º,RUNNER,TEMPO,,#º,RUNNER,TEMPO,,#º,RUNNER,TEMPO,,#º,RUNNER,TEMPO,,#º,RUNNER,TEMPO,,#º,RUNNER,TEMPO,,#º,RUNNER,TEMPO,,#º,RUNNER,TEMPO,,#º,RUNNER,TEMPO,,#º,RUNNER,TEMPO,,#º,RUNNER,TEMPO,,#º,RUNNER,TEMPO,,#º,RUNNER,TEMPO,,#º,RUNNER,TEMPO,,#º,RUNNER,TEMPO,,#º,RUNNER,TEMPO,,#º,RUNNER,TEMPO,,#º,RUNNER,TEMPO,,#º,RUNNER,TEMPO,,#º,RUNNER,TEMPO,,#º,RUNNER,TEMPO,,#º,RUNNER,TEMPO,,#º,RUNNER,TEMPO,,#º,RUNNER,TEMPO,,#º,RUNNER,TEMPO,,#º,RUNNER,TEMPO,,#º,RUNNER,TEMPO,,#º,RUNNER,TEMPO,,#º,RUNNER,TEMPO,,#º,RUNNER,TEMPO,,#º,RUNNER,TEMPO,,#º,RUNNER,TEMPO,,#º,RUNNER,TEMPO,,#º,RUNNER,TEMPO,,#º,RUNNER,TEMPO,,#º,RUNNER,TEMPO,,#º,RUNNER,TEMPO,,#º,RUNNER,TEMPO,,#º,RUNNER,TEMPO,,#º,RUNNER,TEMPO,,#º,RUNNER,TEMPO,,#º,RUNNER,TEMPO,,#º,RUNNER,TEMPO,,#º,RUNNER,TEMPO,,#º,RUNNER,TEMPO,,#º,RUNNER,TEMPO,,#º,RUNNER,TEMPO,,#º,RUNNER,TEMPO,,#º,RUNNER,TEMPO,,#º,RUNNER,TEMPO,,#º,RUNNER,TEMPO,,#º,RUNNER,TEMPO
#1,shyaya,09:38,Video,,#1,whatevermarco,16:21,,#1,whatevermarco,18:59,,#1,shyaya,1:51.923,,#1,Cisne,10:49.121,Video,,#1,ThiG,2:00.831,,#1,Ela_s2,20:20,,Nenhuma run foi encontrada,,,,#1,shyaya,09:38,,#1,shyaya,1:51.923,,#1,shyaya,21:56,,#1,shyaya,28:32,,#1,Tresdente,25:40,,#1,bitsbyalyx,2:09.424,,Nenhuma run foi encontrada,,,,#1,alyx,26:41,,#1,whatevermarco,10:31,,#1,epnok,2:09.500,,#1,whatevermarco,16:21,,#1,whatevermarco,18:59,,Nenhuma run foi encontrada,,,,Nenhuma run foi encontrada,,,,Nenhuma run foi encontrada,,,,Nenhuma run foi encontrada,,,,#1,deffi,15:34,,Nenhuma run foi encontrada,,,,Nenhuma run foi encontrada,,,,Nenhuma run foi encontrada,,,,#1,misfit,10:49.531,,#1,Booster,2:16.000,,#1,Al3xanDE_17,26:42,,Nenhuma run foi encontrada,,,,#1,Rodregulas,17:57,,Nenhuma run foi encontrada,,,,Nenhuma run foi encontrada,,,,Nenhuma run foi encontrada,,,,Nenhuma run foi encontrada,,,,Nenhuma run foi encontrada,,,,#1,DaviMD,27:24,,Nenhuma run foi encontrada,,,,#1,sylv73,11:17,,#1,sylv,2:46.350,,#1,sylv73,17:55,,#1,sylv73,20:47,,#1,brahmaquente,11:49,,Nenhuma run foi encontrada,,,,Nenhuma run foi encontrada,,,,Nenhuma run foi encontrada,,,,#1,Procurador,26:09,,#1,Procurador,2:22.000,,#1,Procurador,44:00,,Nenhuma run foi encontrada,,,,#1,Pedroferrer,12:55,,Nenhuma run foi encontrada,,,,Nenhuma run foi encontrada,,,,Nenhuma run foi encontrada,,,,#1,UnstringMaitoMage,25:05,,Nenhuma run foi encontrada,,,,Nenhuma run foi encontrada,,,,Nenhuma run foi encontrada,,,,#1,sanjinhu,09:55,,#1,sanjinhu,1:57.620,,Nenhuma run foi encontrada,,,,Nenhuma run foi encontrada,,
#2,sanjinhu,09:55,Video,,#2,sylv73,17:55,,#2,sylv73,20:47,,#2,Treisdente,1:53.703,,#2,W,11:51,Video,,#2,futdoido5,2:19.518,,#2,asky ,21:47,,,,,,#2,_Pato,12:53,,#2,Bepeze,2:07.900,,#2,_Pato,28:39,,,,,,,,,,,,,,,,,,#2,Lv101Magikarp,40:46,,#2,epnok,11:21,,#2,Psemcovici,2:14.533,,#2,Psemcovici,18:10,,#2,Psemcovici,24:59,,,,,,,,,,,,,,,,,,#2,Kesto,17:21,,,,,,,,,,,,,,#2,Booster,11:56,,,,,,,,,,,,,,,,,,,,,,,,,,,,,,,,,,,,,,,,,,,,,,#2,JUSTVINII,20:40,,,,,,,,,,,,,,,,,,,,,,para,,,,,,,,,,,,,,,,,,,,,,,,,,,,,,,,,,,,,,,,,,,,,,,,,,,,,,,,,,,,,,,,,,,,,,
#3,whatevermarco,10:31,Video,,#3,Psemcovici,18:10,,#3,Psemcovici,24:59,,#3,xheb,1:56.460,,#3,Ela_s2,12:17,,,#3,asky,2:24.333,,#3,Tomm,28:33,,RIOGRANDEDOSUL,,,,#3,Bepeze,18:26,,,,,,,,,,,,,,,,,,,,,,,,,,,,,,#3,Psemtube,11:48,,#3,batatowisk,2:18.000,,#3,Dertska,18:19,,#3,batatowisk,28:25,,RUS,SEMSEM RUNS,,,,SEMSEM RUNS,,,,SEMSEM RUNS,,,,SEMSEM RUNS,,,#3,wallacetaa,18:49,,,,,,,,,,,,,,#3,Caesh,22:27,,,,,,,,,,,,,,,,,,,,,,,,,,,,,,,,,,,,,,,,,,,,,,,,,,,,,,,,,,,,,,para,,,,para,,,,,,,,para,,,,alagoas,,,,,,alagoas,,,alagoas,,,,alagoas,,,,,,,,,,,,,,,,,,,paraiba,,,,paraiba,,,,paraiba,,,,paraiba,,,,Riogrande do norte,,,,Riogrande do norte,,,,Riogrande do norte,,,,Riogrande do norte,,
#4,Cisne,10:49.121,Video,,#4,Dertska,18:19,,#4,alyx,26:41,,#4,pato,1:57.359,,#4,futdoido5,13:58,,,#4,Rafamel,2:27.683,,#4,GeovaTheLegend,29:28,,,,,,#4,Visneeee,24:17,,SANTA CATARINA,,,,,,,,,,,,,,,,PARANA,,,,,,,,,,,,#4,batatowisk,12:09.250,,#4,Only_,2:18.183,,#4,batatowisk,21:25,,#4,Dertska,48:01,,,,,,,,,,,,,,,,,,,,,,,,,,,,,,,,,,,,,,,,,,,,,,,,,,,,,,,,,,,,,,,,,,,,,,,,,,,,,,,,,,,,,,,,,,,,,,,,,,,,,,,,,,,,,,,,,,,,,,,,,,,,,,,,,,,,,,,,,,,,,,,,,,,,,,,,,,,,,,,,,,,,,,,,,,,,,,,,
#5,misfit,10:49.531,Video,,#5,Ela_s2,20:20,,#5,batatowisk,28:25,,#5,sanjinhu,1:57.620,,#5,Tomm,17:27,,,#5,Ela_s2,2:32.000,,,,,,,,,,,,,,,,,,santa catarina,,,,,,,,,,,,,,,,PARANA,,,,PARANA,,,,#5,rickezinho,12:09.750,,#5,k1notv,2:35.133,,#5,HarithYami,31:00,,,,,,,,,,,,,,,,,,,,,,,,,,,,,,,,,,,,,,,,,,,,,,,,,,,,,,,,,,,,,,,,,,,,,,,,,,,,,,,,,,,,,,,,,,,,,,,,,,,,,,,,,,,,,,,,,,,,,,,,,,,,,,,,,,,,,,pernambuco,,,,pernambuco,,,,,,,,,,,,,,,,,,,,,,,,,,,,,,,,,,,,,,,,,,
#6,sylv73,11:17,Video,,#6,batatowisk,21:25,,#7,shyaya,28:32,,#6,ThiG,2:00.831,,#6,1bruxxz,24:01,,,#6,HellstormBishop,2:44.650,,RIOGRANDE DO SUL,,,,,,,,SANTA CATARINA,,,,,,,,,,,,,,,,PARANA,,,,,,,,,,,,,,,,#6,Reiper,12:37,,#6,HarithYami,2:51.900,,#6,AeroAstroid,41:08,,,,,,,,,,,,,,,,,,,,,,Rio de janeiro,,,,Rio de janeiro,,,,Rio de janeiro,,,,Rio de janeiro,,,,,Minas gerais,,,,Minas gerais,,,,Minas gerais,,,Minas gerais,,,,Goias,,,,Goias,,,,Goias,,,,Goias,,,,Distrito federal,,,,Distrito federal,,,,,,,,,,,,,,,,,,,,,,,,,,,,,,,,,,,,,,,,,,,,,,,,,,,,,,,,,,,,,,,,,,,,pernambuco,,,,pernambuco,,,,,,,,,,,,,,,,,,,,,,,,,,,,,,,,,,
#7,epnok,11:21,Video,,#7,asky ,21:47,,#8,Lv101Magikarp,40:46,,#7,Bepeze,2:07.900,,#7,HellstormBishop,27:14,,,#7,Tomm,2:45.000,,,,,,,,,,,,,,,,,,,,,,,,,,,,,,,,,,,,,,,,,,#7,Dertska,13:17,,,,,,,,,,,,,,,,,,,,,,,,,,,,,,,,,,,,,,,,,,,,,,,,,,,,,,,,,,,,,,,,,,,,,,,,,,,,,,,,,,,,,,Distrito federal,,,,Distrito federal,,,,Bahia,,,,Bahia,,,,Bahia,,,,Bahia,,,,,,,,,,,,,,,,,,,,,,,,,,,,,,,,,,,,,,,,,,,,,,,,,,,,,,,,,,,,,,,,,,,,,,,,,,,,,,,,,,
#8,Psemtube,11:48,Video,,#8,shyaya,21:56,,#9,xheb_,42:18,,#8,bitsbyalyx,2:09.424,,,,,,,,,,,,,,,,,,,,,,,,,,,,,,,,,,,,,,,,,,,,,,,,,,,#8,HarithYami,13:49,,SAO PAULO,,,,SAO PAULO,,,,SAO PAULO,,,,,,,,,,,,,,,,,,,,,,,,,,,,,,,,,,,,,,,,,,,,,,,,,,,,,,,,,,,,,,,,,,,,,,,,,,,,,,,,,,,,,,,,,,,,,,,,,,,,,,,,,,,,,,,,,,,,,,,,,,,,,,,,,,,,,,,,,,,,,,,,,,,,,,,,,,,,,,,,,,,,,,,,,,,,,,,,,,
#9,brahmaquente,11:49,Video,,#9,Al3xanDE_17,26:42,,#10,Dertska,48:01,,#9,epnok,2:09.500,,,,,,,,,,,,,,,,,,,,,,,,,,,,,,,,,,,,,,,,,,,,,,,,,,,#9,AeroAstroid,13:52,,,,,,,,,,,,,,,,,,,,,,,,,,,,,,,,,,,,,,,,,,,,,,,,,,,,,,,,,,,,,,,,,,,,,,,,,,,,,,,,,,,,,,,,,,,,,,,,,,,,,,,,,,,,,,,,,,,,,,,,,,,,,,,,,,,,,,,,,,,,,,,,,,,,,,,,,,,,,,,,,,,,,,,,,,,,,,,,,,,,,,,,,,,,
#10,W,11:51,Video,,#10,Gabya,27:14,,,,,,#10,Jailsongmc_01,2:11.586,,RIOGRANDEDO SUL,,,,,RIOGRANDEDO SUL,,,,,,,,,,,,,,,,,,,,,,,,,,,,,,,,,,,,,,,,,,,,#10,Only_,14:22,,,,,,,,,,,,,,,,,,,,,,,,,,,,,,,,,,,,,,,,,,,,,,,,,,,,,,,,,,,,,,,,,,,,,,,,,,,,,,,,,,,,,,,,,,,,,,,,,,,,,,,,,,,,,,,,,,,,,,,,,,,,,,,,,,,,,,,,,,,,,,,,,,,,,,,,,,,,,,,,,,,,,,,,,,,,,,,,,,,,,,,,,,,,
#11,Booster,11:56,Video,,#11,DaviMD,27:24,,RSG 1.9 - 1.12 Any% Glitchless,,,,#11,Pedro Ferrer,2:12.328,,,,,,,,,,,,,,,,,,,,,,,,,,,,,,,,,,,,,,,,,,,,,,,,,,,#11,PedroDBR,14:35,,,,,,,,,,,,,,,,,,,,,,,,,,,,,,,,,,,,,,,,,,,,,,,,,,,,,,,,,,,,,,,,,,,,,,,,,,,,,,,,,,,,,,,,,,,,,,,,,,,,,,,,,,,,,,,,,,,,,,,,,,,,,,,,,,,,,,,,,,,,,,,,,,,,,,,,,,,,,,,,,,,,,,,,,,,,,,,,,,,,,,,,,,,,
#12,batatowisk,12:09.250,Video,,#12,Tomm,28:33,,#º,RUNNER,TEMPO IGT,,#11,Psemcovici,2:14.533,,,,,,,,,,,,,,,,,,,,,,,,,,,,,,,,,,,,,,,,,,,,,,,,,,,#12,SpectroPlayer,15:03,,,,,,,,,,,,,,,,,,,,,,,,,,,,,,,,,,,,,,,,,,,,,,,,,,,,,,,,,,,,,,,,,,,,,,,,,,,,,,,,,,,,,,,,,,,,,,,,,,,,,,,,,,,,,,,,,,,,,,,,,,,,,,,,,,,,,,,,,,,,,,,,,,,,,,,,,,,,,,,,,,,,,,,,,,,,,,,,,,,,,,,,,,,,
#13,rickezinho,12:09.750,Video,,#13,_Pato,28:39,,#1,whatevermarco,22:16 (WR),,#12,Booster,2:16.000,,,,,,,,,,,,,,,,,,,,,,,,,,,,,,,,,,,,,,,,,,,,,,,,,,,#13,WarySkyPlayer,16:08,,,,,,,,,,,,,,,,,,,,,,,,,,,,,,,,,,,,,,,,,,,,,,,,,,,,,,,,,,,,,,,,,,,,,,,,,,,,,,,,,,,,,,,,,,,,,,,,,,,,,,,,,,,,,,,,,,,,,,,,,,,,,,,,,,,,,,,,,,,,,,,,,,,,,,,,,,,,,,,,,,,,,,,,,,,,,,,,,,,,,,,,,,,,
#14,Ela_s2,12:17,Video,,#14,GeovaTheLegend,29:28,,#2,psemtube,27:08,,#13,batatowisk,2:18.000,,,,,,,,,,,,,,,,,,,,,,,,,,,,,,,,,,,,,,,,,,,,,,,,,,,#14,moleza_,17:34,,,,,,,,,,,,,,,,,,,,,,,,,,,,,,,,,,,,,,,,,,,,,,,,,,,,,,,,,,,,,,,,,,,,,,,,,,,,,,,,,,,,,,,,,,,,,,,,,,,,,,,,,,,,,,,,,,,,,,,,,,,,,,,,,,,,,,,,,,,,,,,,,,,,,,,,,,,,,,,,,,,,,,,,,,,,,,,,,,,,,,,,,,,,
#15,Reiper,12:37,Video,,#15,HarithYami,31:00,,,,,,#14,Only_,2:18.183,,,,,,,,,,,,,,,,,,,,,,,,,,,,,,,,,,,,,,,,,,,,,,,,,,,#15,felipe_masteroso,19:02,,,,,,,,,,,,,,,,,,,,,,,,,,,,,,,,,,,,,,,,,,,,,,,,,,,,,,,,,,,,,,,,,,,,,,,,,,,,,,,,,,,,,,,,,,,,,,,,,,,,,,,,,,,,,,,,,,,,,,,,,,,,,,,,,,,,,,,,,,,,,,,,,,,,,,,,,,,,,,,,,,,,,,,,,,,,,,,,,,,,,,,,,,,,
#16,_Pato,12:53,Video,,#16,Ferrer,31:53,,,,,,#15,futdoido5,2:19.518,,,,,,,,,,,,,,,,,,,,,,,,,,,,,,,,,,,,,,,,,,,,,,,,,,,#16,k1notv,19:42,,,,,,,,,,,,,,,,,,,,,,,,,,,,,,,,,,,,,,,,,,,,,,,,,,,,,,,,,,,,,,,,,,,,,,,,,,,,,,,,,,,,,,,,,,,,,,,,,,,,,,,,,,,,,,,,,,,,,,,,,,,,,,,,,,,,,,,,,,,,,,,,,,,,,,,,,,,,,,,,,,,,,,,,,,,,,,,,,,,,,,,,,,,,
#17,Pedroferrer,12:55,Video,,#17,AeroAstroid,41:08,,,,,,#16,ronkzinho,2:20.737,,,,,,,,,,,,,,,,,,,,,,,,,,,,,,,,,,,,,,,,,,,,,,,,,,,#17,jap_a,21:55,,,,,,,,,,,,,,,,,,,,,,,,,,,,,,,,,,,,,,,,,,,,,,,,,,,,,,,,,,,,,,,,,,,,,,,,,,,,,,,,,,,,,,,,,,,,,,,,,,,,,,,,,,,,,,,,,,,,,,,,,,,,,,,,,,,,,,,,,,,,,,,,,,,,,,,,,,,,,,,,,,,,,,,,,,,,,,,,,,,,,,,,,,,,
#18,Dertska,13:17,Video,,#18,Procurador,44:00,,,,,,#17,Procurador,2:22.000,,,,,,,,,,,,,,,,,,,,,,,,,,,,,,,,,,,,,,,,,,,,,,,,,,,#18,SardsSan,22:59,,,,,,,,,,,,,,,,,,,,,,,,,,,,,,,,,,,,,,,,,,,,,,,,,,,,,,,,,,,,,,,,,,,,,,,,,,,,,,,,,,,,,,,,,,,,,,,,,,,,,,,,,,,,,,,,,,,,,,,,,,,,,,,,,,,,,,,,,,,,,,,,,,,,,,,,,,,,,,,,,,,,,,,,,,,,,,,,,,,,,,,,,,,,
#19,HarithYami,13:49,Video,,#19,Doctor_Mega,45:21,,,,,,#18,asky,2:24.333,,,,,,,,,,,,,,,,,,,,,,,,,,,,,,,,,,,,,,,,,,,,,,,,,,,#19,FalconHeavy1c,26:22,,,,,,,,,,,,,,,,,,,,,,,,,,,,,,,,,,,,,,,,,,,,,,,,,,,,,,,,,,,,,,,,,,,,,,,,,,,,,,,,,,,,,,,,,,,,,,,,,,,,,,,,,,,,,,,,,,,,,,,,,,,,,,,,,,,,,,,,,,,,,,,,,,,,,,,,,,,,,,,,,,,,,,,,,,,,,,,,,,,,,,,,,,,,
#20,AeroAstroid,13:52,Video,,,,,,,,,,#19,Rafamel,2:27.683,,,,,,,,,,,,,,,,,,,,,,,,,,,,,,,,,,,,,,,,,,,,,,,,,,,#20,cakiedere,27:19,,,,,,,,,,,,,,,,,,,,,,,,,,,,,,,,,,,,,,,,,,,,,,,,,,,,,,,,,,,,,,,,,,,,,,,,,,,,,,,,,,,,,,,,,,,,,,,,,,,,,,,,,,,,,,,,,,,,,,,,,,,,,,,,,,,,,,,,,,,,,,,,,,,,,,,,,,,,,,,,,,,,,,,,,,,,,,,,,,,,,,,,,,,,
#21,futdoido5,13:58,,,,,,,,,,,#20,Gellato,2:29.250,,,,,,,,,,,,,,,,,,,,,,,,,,,,,,,,,,,,,,,,,,,,,,,,,,,,,,,,,,,,,,,,,,,,,,,,,,,,,,,,,,,,,,,,,,,,,,,,,,,,,,,,,,,,,,,,,,,,,,,,,,,,,,,,,,,,,,,,,,,,,,,,,,,,,,,,,,,,,,,,,,,,,,,,,,,,,,,,,,,,,,,,,,,,,,,,,,,,,,,,,,,,,,,,,,,,,,,,,,,,,,,,,,,,,,,,,,,,,,,,,
#22,citro,14:13,,,,,,,,,,,#21,citro,2:30.000,,,,,,,,,,,,,,,,,,,,,,,,,,,,,,,,,,,,,,,,,,,,,,,,,,,,,,,,,,,,,,,,,,,,,,,,,,,,,,,,,,,,,,,,,,,,,,,,,,,,,,,,,,,,,,,,,,,,,,,,,,,,,,,,,,,,,,,,,,,,,,,,,,,,,,,,,,,,,,,,,,,,,,,,,,,,,,,,,,,,,,,,,,,,,,,,,,,,,,,,,,,,,,,,,,,,,,,,,,,,,,,,,,,,,,,,,,,,,,,,,
#23,Only_,14:22,Video,,,,,,,,,,#22,Ela_s2,2:32.000,,,,,,,,,,,,,,,,,,,,,,,,,,,,,,,,,,,,,,,,,,,,,,,,,,,SAO PAULO,,,,,,,,,,,,,,,,,,,,,,,,,,,,,,,,,,,,,,,,,,,,,,,,,,,,,,,,,,,,,,,,,,,,,,,,,,,,,,,,,,,,,,,,,,,,,,,,,,,,,,,,,,,,,,,,,,,,,,,,,,,,,,,,,,,,,,,,,,,,,,,,,,,,,,,,,,,,,,,,,,,,,,,,,,,,,,,,,,,,,,,,,,,,,,
#24,PedroDBR,14:35,,,,,,,,,,,#23,k1notv,2:35.133,,,,,,,,,,,,,,,,,,,,,,,,,,,,,,,,,,,,,,,,,,,,,,,,,,,,,,,,,,,,,,,,,,,,,,,,,,,,,,,,,,,,,,,,,,,,,,,,,,,,,,,,,,,,,,,,,,,,,,,,,,,,,,,,,,,,,,,,,,,,,,,,,,,,,,,,,,,,,,,,,,,,,,,,,,,,,,,,,,,,,,,,,,,,,,,,,,,,,,,,,,,,,,,,,,,,,,,,,,,,,,,,,,,,,,,,,,,,,,,,,
#25,Alexk20830,14:52,Video,,,LEGENDA,,,Leaderboard feita e moderada por:,,,,#24,alexk20830,2:42.000,,,,,,,,,,,,,,,,,,,,,,,,,,,,,,,,,,,,,,,,,,,,,,,,,,,,,,,,,,,,,,,,,,,,,,,,,,,,,,,,,,,,,,,,,,,,,,,,,,,,,,,,,,,,,,,,,,,,,,,,,,,,,,,,,,,,,,,,,,,,,,,,,,,,,,,,,,,,,,,,,,,,,,,,,,,,,,,,,,,,,,,,,,,,,,,,,,,,,,,,,,,,,,,,,,,,,,,,,,,,,,,,,,,,,,,,,,,,,,,,,
#26,Norman,15:01,Video,,,Preto: recorde verificado no speedrun.com/mc,,,Al3xanDE_17                   ,,alyx,,#25,HellstormBishop,2:44.650,,,,,,,,,,,,,,,,,,,,,,,,,,,,,,,,,,,,,,,,,,,,,,,,,,,,,,,,,,,,,,,,,,,,,,,,,,,,,,,,,,,,,,,,,,,,,,,,,,,,,,,,,,,,,,,,,,,,,,,,,,,,,,,,,,,,,,,,,,,,,,,,,,,,,,,,,,,,,,,,,,,,,,,,,,,,,,,,,,,,,,,,,,,,,,,,,,,,,,,,,,,,,,,,,,,,,,,,,,,,,,,,,,,,,,,,,,,,,,,,,
#27,SpectroPlayer,15:03,,,,Amarelo: recorde em verificação,,,HellstormBishop,,AeroAstroid,,#26,Tomm,2:45.000,,,,,,,,,,,,,,,,,,,,,,,,,,,,,,,,,,,,,,,,,,,,,,,,,,,,,,,,,,,,,,,,,,,,,,,,,,,,,,,,,,,,,,,,,,,,,,,,,,,,,,,,,,,,,,,,,,,,,,,,,,,,,,,,,,,,,,,,,,,,,,,,,,,,,,,,,,,,,,,,,,,,,,,,,,,,,,,,,,,,,,,,,,,,,,,,,,,,,,,,,,,,,,,,,,,,,,,,,,,,,,,,,,,,,,,,,,,,,,,,,
#28,Darkk,15:05,Video,,,Roxo: recorde inverificavel ou não enviado,,,batatowisk,,sylv,,#27,sylv,2:46.350,,,,,,,,,,,,,,,,,,,,,,,,,,,,,,,,,,,,,,,,,,,,,,,,,,,,,,,,,,,,,,,,,,,,,,,,,,,,,,,,,,,,,,,,,,,,,,,,,,,,,,,,,,,,,,,,,,,,,,,,,,,,,,,,,,,,,,,,,,,,,,,,,,,,,,,,,,,,,,,,,,,,,,,,,,,,,,,,,,,,,,,,,,,,,,,,,,,,,,,,,,,,,,,,,,,,,,,,,,,,,,,,,,,,,,,,,,,,,,,,,
#29,deffi,15:34,Video,,,Queue client,,,ela_s2,,,,#28,capivara1,2:51.450,,,,,,,,,,,,,,,,,,,,,,,,,,,,,,,,,,,,,,,,,,,,,,,,,,,,,,,,,,,,,,,,,,,,,,,,,,,,,,,,,,,,,,,,,,,,,,,,,,,,,,,,,,,,,,,,,,,,,,,,,,,,,,,,,,,,,,,,,,,,,,,,,,,,,,,,,,,,,,,,,,,,,,,,,,,,,,,,,,,,,,,,,,,,,,,,,,,,,,,,,,,,,,,,,,,,,,,,,,,,,,,,,,,,,,,,,,,,,,,,,
#30,WarySkyPlayer,16:08,,,,Mostramos aqui seu melhor tempo recorde (PB) ,,,,,,,#29,HarithYami,2:51.900,,,,,,,,,,,,,,,,,,,,,,,,,,,,,,,,,,,,,,,,,,,,,,,,,,,,,,,,,,,,,,,,,,,,,,,,,,,,,,,,,,,,,,,,,,,,,,,,,,,,,,,,,,,,,,,,,,,,,,,,,,,,,,,,,,,,,,,,,,,,,,,,,,,,,,,,,,,,,,,,,,,,,,,,,,,,,,,,,,,,,,,,,,,,,,,,,,,,,,,,,,,,,,,,,,,,,,,,,,,,,,,,,,,,,,,,,,,,,,,,,
#31,xheb_,16:19,,,,em cada uma das principais categorias,,,,,,,,,,,,,,,,,,,,,,,,,,,,,,,,,,,,,,,,,,,,,,,,,,,,,,,,,,,,,,,,,,,,,,,,,,,,,,,,,,,,,,,,,,,,,,,,,,,,,,,,,,,,,,,,,,,,,,,,,,,,,,,,,,,,,,,,,,,,,,,,,,,,,,,,,,,,,,,,,,,,,,,,,,,,,,,,,,,,,,,,,,,,,,,,,,,,,,,,,,,,,,,,,,,,,,,,,,,,,,,,,,,,,,,,,,,,,,,,,,,,,,,,,,
#32,"ronkzinho",17:07,,,,,,,               discord da comunidade:,,,,,,,,,,,,,,,,,,,,,,,,,,,,,,,,,,,,,,,,,,,,,,,,,,,,,,,,,,,,,,,,,,,,,,,,,,,,,,,,,,,,,,,,,,,,,,,,,,,,,,,,,,,,,,,,,,,,,,,,,,,,,,,,,,,,,,,,,,,,,,,,,,,,,,,,,,,,,,,,,,,,,,,,,,,,,,,,,,,,,,,,,,,,,,,,,,,,,,,,,,,,,,,,,,,,,,,,,,,,,,,,,,,,,,,,,,,,,,,,,,,,,,,
#33,Kesto,17:21,Video,,,Caso possua um tempo recorde no qual não é,,,                   https://discord.gg/wshxtk64Jj,,,,,,,,,,,,,,,,,,,,,,,,,,,,,,,,,,,,,,,,,,,,,,,,,,,,,,,,,,,,,,,,,,,,,,,,,,,,,,,,,,,,,,,,,,,,,,,,,,,,,,,,,,,,,,,,,,,,,,,,,,,,,,,,,,,,,,,,,,,,,,,,,,,,,,,,,,,,,,,,,,,,,,,,,,,,,,,,,,,,,,,,,,,,,,,,,,,,,,,,,,,,,,,,,,,,,,,,,,,,,,,,,,,,,,,,,,,,,,,,,,,,,,,
#34,Tomm,17:27,,,,"verificavel ou não será postado, contate-nós.",,,,,,,,,,,,,,,,,,,,,,,,,,,,,,,,,,,,,,,,,,,,,,,,,,,,,,,,,,,,,,,,,,,,,,,,,,,,,,,,,,,,,,,,,,,,,,,,,,,,,,,,,,,,,,,,,,,,,,,,,,,,,,,,,,,,,,,,,,,,,,,,,,,,,,,,,,,,,,,,,,,,,,,,,,,,,,,,,,,,,,,,,,,,,,,,,,,,,,,,,,,,,,,,,,,,,,,,,,,,,,,,,,,,,,,,,,,,,,,,,,,,,,,,,,
#35,moleza_,17:34,,,,,,,,,,,,,,,,,,,,,,,,,,,,,,,,,,,,,,,,,,,,,,,,,,,,,,,,,,,,,,,,,,,,,,,,,,,,,,,,,,,,,,,,,,,,,,,,,,,,,,,,,,,,,,,,,,,,,,,,,,,,,,,,,,,,,,,,,,,,,,,,,,,,,,,,,,,,,,,,,,,,,,,,,,,,,,,,,,,,,,,,,,,,,,,,,,,,,,,,,,,,,,,,,,,,,,,,,,,,,,,,,,,,,,,,,,,,,,,,,,,,,,,,,,,,,,
#36,Rodregulas,17:57,,,,ULTIMA ATUALIZACAO: 29/7/23,,,,,,,,,,,,,,,,,,,,,,,,,,,,,,,,,,,,,,,,,,,,,,,,,,,,,,,,,,,,,,,,,,,,,,,,,,,,,,,,,,,,,,,,,,,,,,,,,,,,,,,,,,,,,,,,,,,,,,,,,,,,,,,,,,,,,,,,,,,,,,,,,,,,,,,,,,,,,,,,,,,,,,,,,,,,,,,,,,,,,,,,,,,,,,,,,,,,,,,,,,,,,,,,,,,,,,,,,,,,,,,,,,,,,,,,,,,,,,,,,,,,,,,,,,
#37,Azteca_,18:02,,,,"DM PARA: @.aiyx no discord se sua run estiver faltando, com link da run / submition do sr.c",,,,,,,,,,,,,,,,,,,,,,,,,,,,,,,,,,,,,,,,,,,,,,,,,,,,,,,,,,,,,,,,,,,,,,,,,,,,,,,,,,,,,,,,,,,,,,,,,,,,,,,,,,,,,,,,,,,,,,,,,,,,,,,,,,,,,,,,,,,,,,,,,,,,,,,,,,,,,,,,,,,,,,,,,,,,,,,,,,,,,,,,,,,,,,,,,,,,,,,,,,,,,,,,,,,,,,,,,,,,,,,,,,,,,,,,,,,,,,,,,,,,,,,,,,
#38,Bepeze,18:26,Video,,,,,,,,,,,,,,,,,,,,,,,,,,,,,,,,,,,,,,,,,,,,,,,,,,,,,,,,,,,,,,,,,,,,,,,,,,,,,,,,,,,,,,,,,,,,,,,,,,,,,,,,,,,,,,,,,,,,,,,,,,,,,,,,,,,,,,,,,,,,,,,,,,,,,,,,,,,,,,,,,,,,,,,,,,,,,,,,,,,,,,,,,,,,,,,,,,,,,,,,,,,,,,,,,,,,,,,,,,,,,,,,,,,,,,,,,,,,,,,,,,,,,,,,,,,,,
#39,wallacetaa,18:49,Video,,,,,,,,,,,,,,,,,,,,,,,,,,,,,,,,,,,,,,,,,,,,,,,,,,,,,,,,,,,,,,,,,,,,,,,,,,,,,,,,,,,,,,,,,,,,,,,,,,,,,,,,,,,,,,,,,,,,,,,,,,,,,,,,,,,,,,,,,,,,,,,,,,,,,,,,,,,,,,,,,,,,,,,,,,,,,,,,,,,,,,,,,,,,,,,,,,,,,,,,,,,,,,,,,,,,,,,,,,,,,,,,,,,,,,,,,,,,,,,,,,,,,,,,,,,,,
#40,felipe_masteroso,19:02,,,,,,,,,,,,,,,,,,,,,,,,,,,,,,,,,,,,,,,,,,,,,,,,,,,,,,,,,,,,,,,,,,,,,,,,,,,,,,,,,,,,,,,,,,,,,,,,,,,,,,,,,,,,,,,,,,,,,,,,,,,,,,,,,,,,,,,,,,,,,,,,,,,,,,,,,,,,,,,,,,,,,,,,,,,,,,,,,,,,,,,,,,,,,,,,,,,,,,,,,,,,,,,,,,,,,,,,,,,,,,,,,,,,,,,,,,,,,,,,,,,,,,,,,,,,,,
#41,k1notv,19:42,,,,,,,,,,,,,,,,,,,,,,,,,,,,,,,,,,,,,,,,,,,,,,,,,,,,,,,,,,,,,,,,,,,,,,,,,,,,,,,,,,,,,,,,,,,,,,,,,,,,,,,,,,,,,,,,,,,,,,,,,,,,,,,,,,,,,,,,,,,,,,,,,,,,,,,,,,,,,,,,,,,,,,,,,,,,,,,,,,,,,,,,,,,,,,,,,,,,,,,,,,,,,,,,,,,,,,,,,,,,,,,,,,,,,,,,,,,,,,,,,,,,,,,,,,,,,,
#42,Otann,19:51,Video,,,,,,,,,,,,,,,,,,,,,,,,,,,,,,,,,,,,,,,,,,,,,,,,,,,,,,,,,,,,,,,,,,,,,,,,,,,,,,,,,,,,,,,,,,,,,,,,,,,,,,,,,,,,,,,,,,,,,,,,,,,,,,,,,,,,,,,,,,,,,,,,,,,,,,,,,,,,,,,,,,,,,,,,,,,,,,,,,,,,,,,,,,,,,,,,,,,,,,,,,,,,,,,,,,,,,,,,,,,,,,,,,,,,,,,,,,,,,,,,,,,,,,,,,,,,,
#43,JUSTVINII,20:40,,,,,,,,,,,,,,,,,,,,,,,,,,,,,,,,,,,,,,,,,,,,,,,,,,,,,,,,,,,,,,,,,,,,,,,,,,,,,,,,,,,,,,,,,,,,,,,,,,,,,,,,,,,,,,,,,,,,,,,,,,,,,,,,,,,,,,,,,,,,,,,,,,,,,,,,,,,,,,,,,,,,,,,,,,,,,,,,,,,,,,,,,,,,,,,,,,,,,,,,,,,,,,,,,,,,,,,,,,,,,,,,,,,,,,,,,,,,,,,,,,,,,,,,,,,,,,
#44,z1nhoca,21:20,Video,,,,,,,,,,,,,,,,,,,,,,,,,,,,,,,,,,,,,,,,,,,,,,,,,,,,,,,,,,,,,,,,,,,,,,,,,,,,,,,,,,,,,,,,,,,,,,,,,,,,,,,,,,,,,,,,,,,,,,,,,,,,,,,,,,,,,,,,,,,,,,,,,,,,,,,,,,,,,,,,,,,,,,,,,,,,,,,,,,,,,,,,,,,,,,,,,,,,,,,,,,,,,,,,,,,,,,,,,,,,,,,,,,,,,,,,,,,,,,,,,,,,,,,,,,,,,
#45,Gellato,21:25,Video,,,,,,,,,,,,,,,,,,,,,,,,,,,,,,,,,,,,,,,,,,,,,,,,,,,,,,,,,,,,,,,,,,,,,,,,,,,,,,,,,,,,,,,,,,,,,,,,,,,,,,,,,,,,,,,,,,,,,,,,,,,,,,,,,,,,,,,,,,,,,,,,,,,,,,,,,,,,,,,,,,,,,,,,,,,,,,,,,,,,,,,,,,,,,,,,,,,,,,,,,,,,,,,,,,,,,,,,,,,,,,,,,,,,,,,,,,,,,,,,,,,,,,,,,,,,,
#46,jap_a,21:55,Video,,,,,,,,,,,,,,,,,,,,,,,,,,,,,,,,,,,,,,,,,,,,,,,,,,,,,,,,,,,,,,,,,,,,,,,,,,,,,,,,,,,,,,,,,,,,,,,,,,,,,,,,,,,,,,,,,,,,,,,,,,,,,,,,,,,,,,,,,,,,,,,,,,,,,,,,,,,,,,,,,,,,,,,,,,,,,,,,,,,,,,,,,,,,,,,,,,,,,,,,,,,,,,,,,,,,,,,,,,,,,,,,,,,,,,,,,,,,,,,,,,,,,,,,,,,,,
#47,Caesh,22:27,Video,,,,,,,,,,,,,,,,,,,,,,,,,,,,,,,,,,,,,,,,,,,,,,,,,,,,,,,,,,,,,,,,,,,,,,,,,,,,,,,,,,,,,,,,,,,,,,,,,,,,,,,,,,,,,,,,,,,,,,,,,,,,,,,,,,,,,,,,,,,,,,,,,,,,,,,,,,,,,,,,,,,,,,,,,,,,,,,,,,,,,,,,,,,,,,,,,,,,,,,,,,,,,,,,,,,,,,,,,,,,,,,,,,,,,,,,,,,,,,,,,,,,,,,,,,,,,
#48,DaviJust,22:46,Video,,,,,,,,,,,,,,,,,,,,,,,,,,,,,,,,,,,,,,,,,,,,,,,,,,,,,,,,,,,,,,,,,,,,,,,,,,,,,,,,,,,,,,,,,,,,,,,,,,,,,,,,,,,,,,,,,,,,,,,,,,,,,,,,,,,,,,,,,,,,,,,,,,,,,,,,,,,,,,,,,,,,,,,,,,,,,,,,,,,,,,,,,,,,,,,,,,,,,,,,,,,,,,,,,,,,,,,,,,,,,,,,,,,,,,,,,,,,,,,,,,,,,,,,,,,,,
#49,SardsSan,22:59,Video,,,,,,,,,,,,,,,,,,,,,,,,,,,,,,,,,,,,,,,,,,,,,,,,,,,,,,,,,,,,,,,,,,,,,,,,,,,,,,,,,,,,,,,,,,,,,,,,,,,,,,,,,,,,,,,,,,,,,,,,,,,,,,,,,,,,,,,,,,,,,,,,,,,,,,,,,,,,,,,,,,,,,,,,,,,,,,,,,,,,,,,,,,,,,,,,,,,,,,,,,,,,,,,,,,,,,,,,,,,,,,,,,,,,,,,,,,,,,,,,,,,,,,,,,,,,,
#50 ,Jailsongmc_01,23:29,Video,,,,,,,,,,,,,,,,,,,,,,,,,,,,,,,,,,,,,,,,,,,,,,,,,,,,,,,,,,,,,,,,,,,,,,,,,,,,,,,,,,,,,,,,,,,,,,,,,,,,,,,,,,,,,,,,,,,,,,,,,,,,,,,,,,,,,,,,,,,,,,,,,,,,,,,,,,,,,,,,,,,,,,,,,,,,,,,,,,,,,,,,,,,,,,,,,,,,,,,,,,,,,,,,,,,,,,,,,,,,,,,,,,,,,,,,,,,,,,,,,,,,,,,,,,,,,
#51,1bruxxz,24:01,Video,,,,,,,,,,,,,,,,,,,,,,,,,,,,,,,,,,,,,,,,,,,,,,,,,,,,,,,,,,,,,,,,,,,,,,,,,,,,,,,,,,,,,,,,,,,,,,,,,,,,,,,,,,,,,,,,,,,,,,,,,,,,,,,,,,,,,,,,,,,,,,,,,,,,,,,,,,,,,,,,,,,,,,,,,,,,,,,,,,,,,,,,,,,,,,,,,,,,,,,,,,,,,,,,,,,,,,,,,,,,,,,,,,,,,,,,,,,,,,,,,,,,,,,,,,,,,
#52,Ludial000,24:19,Video,,,,,,,,,,,,,,,,,,,,,,,,,,,,,,,,,,,,,,,,,,,,,,,,,,,,,,,,,,,,,,,,,,,,,,,,,,,,,,,,,,,,,,,,,,,,,,,,,,,,,,,,,,,,,,,,,,,,,,,,,,,,,,,,,,,,,,,,,,,,,,,,,,,,,,,,,,,,,,,,,,,,,,,,,,,,,,,,,,,,,,,,,,,,,,,,,,,,,,,,,,,,,,,,,,,,,,,,,,,,,,,,,,,,,,,,,,,,,,,,,,,,,,,,,,,,,
#53,Visneeee,24:17,,,,,,,,,,,,,,,,,,,,,,,,,,,,,,,,,,,,,,,,,,,,,,,,,,,,,,,,,,,,,,,,,,,,,,,,,,,,,,,,,,,,,,,,,,,,,,,,,,,,,,,,,,,,,,,,,,,,,,,,,,,,,,,,,,,,,,,,,,,,,,,,,,,,,,,,,,,,,,,,,,,,,,,,,,,,,,,,,,,,,,,,,,,,,,,,,,,,,,,,,,,,,,,,,,,,,,,,,,,,,,,,,,,,,,,,,,,,,,,,,,,,,,,,,,,,,,
#54,kawanPls,25:01,,,,,,,,,,,,,,,,,,,,,,,,,,,,,,,,,,,,,,,,,,,,,,,,,,,,,,,,,,,,,,,,,,,,,,,,,,,,,,,,,,,,,,,,,,,,,,,,,,,,,,,,,,,,,,,,,,,,,,,,,,,,,,,,,,,,,,,,,,,,,,,,,,,,,,,,,,,,,,,,,,,,,,,,,,,,,,,,,,,,,,,,,,,,,,,,,,,,,,,,,,,,,,,,,,,,,,,,,,,,,,,,,,,,,,,,,,,,,,,,,,,,,,,,,,,,,,
#55,UnstringMaitoMage,25:05,,,,,,,,,,,,,,,,,,,,,,,,,,,,,,,,,,,,,,,,,,,,,,,,,,,,,,,,,,,,,,,,,,,,,,,,,,,,,,,,,,,,,,,,,,,,,,,,,,,,,,,,,,,,,,,,,,,,,,,,,,,,,,,,,,,,,,,,,,,,,,,,,,,,,,,,,,,,,,,,,,,,,,,,,,,,,,,,,,,,,,,,,,,,,,,,,,,,,,,,,,,,,,,,,,,,,,,,,,,,,,,,,,,,,,,,,,,,,,,,,,,,,,,,,,,,,,
#56,otaviobia,25:27,Video,,,,,,,,,,,,,,,,,,,,,,,,,,,,,,,,,,,,,,,,,,,,,,,,,,,,,,,,,,,,,,,,,,,,,,,,,,,,,,,,,,,,,,,,,,,,,,,,,,,,,,,,,,,,,,,,,,,,,,,,,,,,,,,,,,,,,,,,,,,,,,,,,,,,,,,,,,,,,,,,,,,,,,,,,,,,,,,,,,,,,,,,,,,,,,,,,,,,,,,,,,,,,,,,,,,,,,,,,,,,,,,,,,,,,,,,,,,,,,,,,,,,,,,,,,,,,
#57, jayboo,25:35,,,,,,,,,,,,,,,,,,,,,,,,,,,,,,,,,,,,,,,,,,,,,,,,,,,,,,,,,,,,,,,,,,,,,,,,,,,,,,,,,,,,,,,,,,,,,,,,,,,,,,,,,,,,,,,,,,,,,,,,,,,,,,,,,,,,,,,,,,,,,,,,,,,,,,,,,,,,,,,,,,,,,,,,,,,,,,,,,,,,,,,,,,,,,,,,,,,,,,,,,,,,,,,,,,,,,,,,,,,,,,,,,,,,,,,,,,,,,,,,,,,,,,,,,,,,,,
#58,Tresdente,25:40,,,,,,,,,,,,,,,,,,,,,,,,,,,,,,,,,,,,,,,,,,,,,,,,,,,,,,,,,,,,,,,,,,,,,,,,,,,,,,,,,,,,,,,,,,,,,,,,,,,,,,,,,,,,,,,,,,,,,,,,,,,,,,,,,,,,,,,,,,,,,,,,,,,,,,,,,,,,,,,,,,,,,,,,,,,,,,,,,,,,,,,,,,,,,,,,,,,,,,,,,,,,,,,,,,,,,,,,,,,,,,,,,,,,,,,,,,,,,,,,,,,,,,,,,,,,,,
#59,Procurador,26:09,Video,,,,,,,,,,,,,,,,,,,,,,,,,,,,,,,,,,,,,,,,,,,,,,,,,,,,,,,,,,,,,,,,,,,,,,,,,,,,,,,,,,,,,,,,,,,,,,,,,,,,,,,,,,,,,,,,,,,,,,,,,,,,,,,,,,,,,,,,,,,,,,,,,,,,,,,,,,,,,,,,,,,,,,,,,,,,,,,,,,,,,,,,,,,,,,,,,,,,,,,,,,,,,,,,,,,,,,,,,,,,,,,,,,,,,,,,,,,,,,,,,,,,,,,,,,,,,
#60,FalconHeavy1c,26:22,,,,,,,,,,,,,,,,,,,,,,,,,,,,,,,,,,,,,,,,,,,,,,,,,,,,,,,,,,,,,,,,,,,,,,,,,,,,,,,,,,,,,,,,,,,,,,,,,,,,,,,,,,,,,,,,,,,,,,,,,,,,,,,,,,,,,,,,,,,,,,,,,,,,,,,,,,,,,,,,,,,,,,,,,,,,,,,,,,,,,,,,,,,,,,,,,,,,,,,,,,,,,,,,,,,,,,,,,,,,,,,,,,,,,,,,,,,,,,,,,,,,,,,,,,,,,,
#61,HellstormBishop,27:14,,,,,,,,,,,,,,,,,,,,,,,,,,,,,,,,,,,,,,,,,,,,,,,,,,,,,,,,,,,,,,,,,,,,,,,,,,,,,,,,,,,,,,,,,,,,,,,,,,,,,,,,,,,,,,,,,,,,,,,,,,,,,,,,,,,,,,,,,,,,,,,,,,,,,,,,,,,,,,,,,,,,,,,,,,,,,,,,,,,,,,,,,,,,,,,,,,,,,,,,,,,,,,,,,,,,,,,,,,,,,,,,,,,,,,,,,,,,,,,,,,,,,,,,,,,,,,
#62,cakiedere,27:19,Video,,,,,,,,,,,,,,,,,,,,,,,,,,,,,,,,,,,,,,,,,,,,,,,,,,,,,,,,,,,,,,,,,,,,,,,,,,,,,,,,,,,,,,,,,,,,,,,,,,,,,,,,,,,,,,,,,,,,,,,,,,,,,,,,,,,,,,,,,,,,,,,,,,,,,,,,,,,,,,,,,,,,,,,,,,,,,,,,,,,,,,,,,,,,,,,,,,,,,,,,,,,,,,,,,,,,,,,,,,,,,,,,,,,,,,,,,,,,,,,,,,,,,,,,,,,,,
#63,blacksmithgod,28:31,Video,,,,,,,,,,,,,,,,,,,,,,,,,,,,,,,,,,,,,,,,,,,,,,,,,,,,,,,,,,,,,,,,,,,,,,,,,,,,,,,,,,,,,,,,,,,,,,,,,,,,,,,,,,,,,,,,,,,,,,,,,,,,,,,,,,,,,,,,,,,,,,,,,,,,,,,,,,,,,,,,,,,,,,,,,,,,,,,,,,,,,,,,,,,,,,,,,,,,,,,,,,,,,,,,,,,,,,,,,,,,,,,,,,,,,,,,,,,,,,,,,,,,,,,,,,,,,
#64,Gabya,28:46,,,,,,,,,,,,,,,,,,,,,,,,,,,,,,,,,,,,,,,,,,,,,,,,,,,,,,,,,,,,,,,,,,,,,,,,,,,,,,,,,,,,,,,,,,,,,,,,,,,,,,,,,,,,,,,,,,,,,,,,,,,,,,,,,,,,,,,,,,,,,,,,,,,,,,,,,,,,,,,,,,,,,,,,,,,,,,,,,,,,,,,,,,,,,,,,,,,,,,,,,,,,,,,,,,,,,,,,,,,,,,,,,,,,,,,,,,,,,,,,,,,,,,,,,,,,,,